{"cameraMode":{"drawMode":0,"name":"Shaded","section":"Shading Mode"},"sceneLighting":true,"audioPlay":false,"sceneViewState":{"m_AlwaysRefresh":false,"showFog":true,"showSkybox":true,"showFlares":true,"showImageEffects":true,"showParticleSystems":true,"showVisualEffectGraphs":true,"m_FxEnabled":true},"in2DMode":false,"pivot":{"x":400.98870849609377,"y":265.08551025390627,"z":-396.3243103027344},"rotation":{"x":0.008105236105620861,"y":0.010219662450253964,"z":-0.00045964535092934966,"w":-0.999714195728302},"size":3.206829786300659,"orthographic":false}