{"cameraMode":{"drawMode":0,"name":"Shaded","section":"Shading Mode"},"sceneLighting":true,"audioPlay":false,"sceneViewState":{"m_AlwaysRefresh":false,"showFog":true,"showSkybox":true,"showFlares":true,"showImageEffects":true,"showParticleSystems":true,"showVisualEffectGraphs":true,"m_FxEnabled":true},"in2DMode":false,"pivot":{"x":5.373387336730957,"y":-42.96592712402344,"z":-6.6051788330078129},"rotation":{"x":0.05017292872071266,"y":0.8669522404670715,"z":-0.48765259981155398,"w":0.08893067389726639},"size":28.304975509643556,"orthographic":false}