{"cameraMode":{"drawMode":0,"name":"Shaded","section":"Shading Mode"},"sceneLighting":true,"audioPlay":false,"sceneViewState":{"m_AlwaysRefresh":false,"showFog":true,"showSkybox":true,"showFlares":true,"showImageEffects":true,"showParticleSystems":true,"showVisualEffectGraphs":true,"m_FxEnabled":true},"in2DMode":false,"pivot":{"x":52.82035827636719,"y":1.5534555912017823,"z":-10.328484535217286},"rotation":{"x":-0.0013325491454452277,"y":-0.9513598680496216,"z":0.3077899217605591,"w":-0.003986175637692213},"size":14.07308578491211,"orthographic":false}